<application>
  <component name="DimensionService">
    <size key="GridCell.Tab.0.left.0.0.2880.1800@192dpi" width="1960" height="446" />
    <size key="GridCell.Tab.0.center.0.0.2880.1800@192dpi" width="1960" height="446" />
    <size key="GridCell.Tab.0.right.0.0.2880.1800@192dpi" width="1960" height="446" />
    <size key="GridCell.Tab.0.bottom.0.0.2880.1800@192dpi" width="1960" height="446" />
  </component>
  <component name="SingleStripeButtonsState">
    <id>Database</id>
    <id>Project</id>
    <id>Services</id>
  </component>
  <component name="WindowManager">
    <frame x="0" y="0" width="1440" height="900" extendedState="6" />
  </component>
</application>